ncores,fps,freq
1,2.65957,1896000
1,2.47924,1704000
1,2.36753,1608000
1,2.25207,1512000
1,2.09594,1398000
1,1.83318,1200000
1,1.5629,1000000
1,1.10061,667000
1,1.09754,500000
1,1.09876,250000
1,1.09827,100000
2,5.12479,1896000
2,4.73519,1704000
2,4.50816,1608000
2,4.27313,1512000
2,3.97862,1398000
2,3.46817,1200000
2,2.98024,1000000
2,1.92539,667000
2,1.92962,500000
2,1.9261,250000
2,1.91412,100000
